,cpu,screen_size,ram,graphic_ram,hdd,ssd,prices,is_unified,company
0,Celeron,15.6,4,0.0,1000,0,8300000,1,lenovo
1,Core i7,15.6,16,8.0,0,512,56599000,0,asus
2,M1,13.0,8,0.0,0,256,37000000,1,apple
3,Core i5,15.6,16,4.0,0,512,34469000,0,lenovo
4,Core i3,15.6,12,0.0,1000,256,15600000,1,lenovo
5,Core i5,15.6,8,4.0,0,512,32350000,0,asus
6,Core i5,15.6,8,4.0,0,512,29600000,0,hp
7,Core i5,15.6,8,4.0,0,512,36479000,0,asus
8,Core i5,15.6,8,2.0,1000,0,21600000,0,lenovo
9,Celeron,15.6,4,0.0,1000,128,9000000,1,lenovo
10,Core i5,12.4,8,0.0,0,256,14800000,1,microsoft
11,M2,14.0,16,0.0,0,512,96840000,1,apple
12,Core i7,15.6,16,4.0,0,512,40388820,0,lenovo
13,Core i5,15.6,8,2.0,0,512,24392000,0,asus
14,M2,13.6,8,0.0,0,256,56294000,1,apple
15,M2,13.3,8,0.0,0,256,59499000,1,apple
16,Core i7,15.6,16,6.0,0,1000,56920000,0,asus
17,Core i7,16.0,16,8.0,0,512,82299000,0,asus
18,Core i5,15.6,16,4.0,0,512,34400000,0,hp
19,Core i7,15.6,16,6.0,0,1000,57990000,0,lenovo
20,Core i5,15.6,8,2.0,0,512,22879000,0,lenovo
21,Celeron,15.6,4,0.0,1000,0,12500000,1,asus
22,Core i5,15.6,16,4.0,0,512,38000000,0,asus
23,Core i7,15.6,16,4.0,1000,256,29220000,0,lenovo
24,Core i7,16.0,16,4.0,0,512,44500000,0,hp
25,Core i3,15.6,4,0.0,1000,0,13834000,1,lenovo
26,Ryzen 7,15.6,16,4.0,0,1000,48700000,0,asus
27,Ryzen 7,15.6,8,2.0,0,256,30400000,0,asus
28,Ryzen 7,15.6,16,4.0,0,1000,48479000,0,asus
29,M1,14.0,16,0.0,0,512,87000000,1,apple
30,M2,13.6,8,0.0,0,256,56900000,1,apple
31,Celeron,15.6,4,0.0,1000,0,11000000,1,asus
32,Core i5,15.6,12,2.0,1000,256,23400000,0,lenovo
33,Core i7,15.6,16,4.0,0,1000,48970000,0,asus
34,M2,13.3,8,0.0,0,256,57299000,1,apple
35,Ryzen 7,15.6,16,4.0,0,512,43612300,0,asus
36,Core i5,15.6,16,4.0,0,1000,38799000,0,asus
37,Core i5,15.6,8,4.0,0,512,37200000,0,asus
38,M2,16.0,16,0.0,0,512,105110000,1,apple
39,Core i5,15.6,16,4.0,0,1000,34890000,0,hp
40,Core i7,16.1,16,6.0,0,512,37200000,0,hp
41,Core i5,15.6,8,2.0,0,512,20999000,0,asus
42,Core i9,16.0,16,8.0,0,1000,109540000,0,asus
43,Core i7,15.6,16,8.0,0,1000,100000,0,asus
44,Core i7,15.6,16,2.0,0,512,32400000,0,lenovo
45,Core i5,15.6,16,4.0,0,512,37399000,0,asus
46,Core i7,15.6,8,0.0,0,512,30150000,1,asus
47,Core i3,15.6,8,0.0,1000,256,14579000,1,lenovo
48,Core i7,15.6,16,4.0,0,512,37344000,0,acer
49,Ryzen 7,15.6,32,6.0,0,1000,61379000,0,asus
50,Celeron,15.6,4,0.0,1000,256,9450000,1,lenovo
51,Core i7,15.0,16,6.0,0,512,40500000,0,microsoft
52,Core i7,14.0,16,0.0,512,512,16500000,1,lenovo
53,M1,16.0,16,0.0,0,512,93598000,1,apple
54,Core i7,15.6,16,2.0,1000,1000,28088000,0,asus
55,Core i5,15.6,8,0.0,0,512,22999000,1,other
56,Core i5,15.6,16,4.0,0,512,33700000,0,asus
57,Core i7,15.6,16,8.0,0,1000,59479000,0,lenovo
58,Core i7,16.0,32,6.0,0,1000,69600000,0,lenovo
59,Core i3,14.0,4,0.0,1000,0,16849000,1,asus
60,Core i5,15.6,8,2.0,0,512,29496000,0,asus
61,M2,13.3,8,0.0,0,512,70495000,1,apple
62,Core i5,15.6,8,2.0,0,512,21979000,0,lenovo
63,Core i5,15.6,8,2.0,1000,256,21300000,0,acer
64,Core i7,15.0,8,0.0,0,256,18900000,1,microsoft
65,Celeron,15.6,4,0.0,0,512,12049000,1,asus
66,Core i7,15.6,16,6.0,0,512,51299000,0,asus
67,Core i5,15.6,12,2.0,1000,512,24150000,0,lenovo
68,Core i7,15.6,16,8.0,0,1000,78499000,0,msi
69,Core i7,16.0,32,8.0,0,1000,71950000,0,lenovo
70,Core i3,15.6,12,0.0,1000,512,16593000,1,lenovo
71,Pentium,13.3,8,0.0,0,256,20689000,1,asus
72,M2,13.6,8,0.0,0,256,55290000,1,apple
74,Core i7,15.6,32,8.0,0,1000,63000000,0,asus
75,Core i7,15.6,16,8.0,0,1000,60480000,0,asus
76,Core i7,15.6,16,6.0,0,512,54890000,0,lenovo
77,Core i5,13.5,8,0.0,0,256,31500000,1,microsoft
78,Core i5,12.4,4,0.0,0,64,17400000,1,microsoft
79,Core i5,14.0,8,0.0,0,512,24200000,1,hp
80,Core i7,15.6,16,4.0,0,512,46800000,0,asus
81,Core i5,15.6,12,2.0,1000,0,22000000,0,lenovo
82,Ryzen 5,15.6,8,4.0,0,512,32290000,0,asus
83,M1,13.0,8,0.0,0,256,42999000,1,apple
84,Core i5,15.6,16,4.0,0,512,41100000,0,asus
85,Core i3,15.6,12,0.0,1000,512,16379000,1,lenovo
86,M1,16.0,16,0.0,0,1000,100000000,1,apple
87,Core i9,15.6,16,8.0,0,1000,94999000,0,asus
88,Celeron,11.0,4,0.0,0,128,9899000,1,lenovo
90,M1,13.0,8,0.0,0,256,58950000,1,apple
91,Core i7,15.6,8,2.0,0,512,26200000,0,asus
92,Core i3,15.6,8,2.0,0,256,14800000,0,lenovo
94,Core i9,15.6,16,6.0,0,1000,100000,0,asus
95,Core i7,15.6,16,2.0,0,512,29700000,0,asus
96,Core i7,15.6,16,4.0,0,512,46200000,0,asus
97,Core i7,15.6,8,2.0,1000,0,25988820,0,lenovo
98,Core i5,14.0,8,0.0,0,512,24900000,1,other
99,Core i7,15.6,16,2.0,0,512,28100000,0,asus
101,Core i7,16.0,8,0.0,0,512,33299000,1,asus
102,Core i7,15.6,16,4.0,0,1000,43499000,0,acer
103,Core i7,15.6,16,4.0,0,512,47890000,0,hp
104,Core i7,15.6,16,4.0,1000,256,28600000,0,lenovo
105,Core i7,16.0,16,4.0,0,512,58120000,0,lenovo
106,M1,13.0,8,0.0,0,256,43598000,1,apple
107,Core i7,15.0,16,6.0,0,256,56000000,0,microsoft
108,Core i7,15.6,16,2.0,0,1000,33892000,0,lenovo
109,Core i3,15.6,4,0.0,0,256,13979000,1,lenovo
110,Ryzen 7,15.6,16,4.0,0,1000,51555000,0,asus
111,Ryzen 9,15.6,16,6.0,0,1000,59900000,0,asus
112,M2,16.0,16,0.0,0,1000,123499000,1,apple
113,Core i7,15.6,16,6.0,0,512,51489000,0,acer
114,M2,13.6,8,0.0,0,512,69800000,1,apple
115,Core i7,15.6,16,6.0,0,512,56200000,0,asus
116,Ryzen 5,15.6,8,4.0,0,512,39599000,0,lenovo
117,Core i5,15.6,32,4.0,0,1000,37069000,0,hp
118,Core i3,15.6,4,2.0,0,256,16300000,0,lenovo
119,Core i7,15.6,16,8.0,0,1000,78000000,0,msi
120,Celeron,15.6,4,0.0,0,256,11950000,1,asus
121,Celeron,14.0,4,0.0,0,256,16879000,1,asus
122,Ryzen 7,16.0,16,0.0,0,512,32400000,1,asus
123,Core i7,15.6,16,2.0,0,512,20900000,0,dell
124,Core i7,15.6,16,4.0,0,1000,53979000,0,asus
126,Ryzen 9,13.4,16,4.0,0,1000,69590000,0,asus
127,Core i7,15.6,16,6.0,0,512,58599000,0,msi
128,Ryzen 7,15.6,16,4.0,0,1000,45699900,0,asus
129,Celeron,15.6,4,0.0,1000,512,9830000,1,lenovo
130,Core i7,15.6,16,6.0,0,1000,55300000,0,asus
131,Core i3,15.6,8,0.0,0,512,15100000,1,lenovo
132,Core i7,15.6,16,2.0,0,1000,37198000,0,asus
133,Core i7,15.0,16,2.0,0,512,18900000,0,hp
134,Core i7,16.0,16,6.0,0,1000,73100000,0,asus
135,M2,14.0,16,0.0,0,1000,115699000,1,apple
136,Core i5,15.6,8,4.0,256,256,30799000,0,msi
137,Core i7,15.6,12,2.0,0,512,25290000,0,lenovo
138,Ryzen 5,15.6,8,4.0,0,512,30200000,0,hp
139,Core i7,15.6,16,6.0,0,512,27900000,0,dell
140,Core i7,15.6,16,4.0,0,1000,42900000,0,lenovo
141,Core i7,15.6,8,2.0,1000,0,27054000,0,asus
142,Ryzen 3,15.6,8,2.0,1000,0,19700000,0,lenovo
143,Core i5,13.0,8,0.0,0,512,25900000,1,apple
144,Core i7,14.0,16,0.0,0,1000,51640000,1,hp
145,Core i7,13.4,16,4.0,0,512,69000000,0,asus
146,Core i3,15.6,4,0.0,0,256,17980000,1,asus
147,Core i5,15.6,8,4.0,0,512,39479000,0,asus
148,Core i9,17.3,64,16.0,0,4000,275000000,0,msi
149,M2,14.0,96,0.0,0,1000,223000000,1,apple
150,Ryzen 5,15.6,12,2.0,1000,256,19670000,0,lenovo
151,Ryzen 7,16.0,16,4.0,0,1000,100000,0,asus
153,Core i7,15.6,16,4.0,0,1000,57879000,0,asus
154,Core i5,15.6,8,4.0,0,512,26797000,0,asus
155,Core i7,16.0,32,8.0,0,1000,65400000,0,hp
156,Core i7,15.6,16,4.0,0,1000,46900000,0,asus
157,Core i7,13.5,16,0.0,0,256,31000000,1,microsoft
158,Core i5,13.5,8,0.0,0,256,18900000,1,microsoft
159,Core i5,15.6,8,6.0,0,512,49700000,0,msi
160,Core i5,14.0,8,0.0,0,512,22300000,1,other
161,Core i5,17.3,16,4.0,0,512,46512300,0,asus
162,Core i5,13.3,8,0.0,0,512,38200000,1,asus
163,Core i7,16.0,16,6.0,0,1000,56250000,0,hp
164,Core i7,15.6,16,6.0,0,1000,111000000,0,asus
165,Celeron,14.0,4,0.0,0,256,10512300,1,asus
166,Ryzen 7,15.6,16,4.0,1000,1000,40180000,0,lenovo
167,Ryzen 5,15.6,8,0.0,0,512,17980000,1,hp
168,Ryzen 7,15.6,16,4.0,0,1000,48970000,0,asus
169,Ryzen 9,17.3,16,8.0,0,1000,83479000,0,asus
170,Core i7,15.6,16,4.0,0,512,51890000,0,dell
171,Core i7,13.5,32,0.0,0,1000,80000000,1,microsoft
172,Core i9,15.6,16,6.0,0,512,56200000,0,acer
173,Ryzen 7,15.6,16,8.0,0,1000,65333000,0,asus
174,Core i7,13.3,8,0.0,0,512,44990000,1,hp
175,Ryzen 5,16.0,8,2.0,0,512,27289000,0,asus
176,Core i7,15.6,16,4.0,0,512,23000000,0,dell
177,Core i3,15.6,8,0.0,0,256,20000000,1,asus
178,Core i5,12.4,8,0.0,0,128,20600000,1,microsoft
179,Ryzen 7,15.6,16,6.0,0,1000,51300000,0,lenovo
181,Ryzen 7,14.0,16,0.0,0,1000,49800000,1,asus
183,Core i3,15.6,8,0.0,1000,0,14188820,1,lenovo
184,Core i3,15.6,4,2.0,0,256,22500000,0,acer
185,Athlon,15.6,4,5.0,250,0,4990000,0,acer
186,Core i7,15.6,16,2.0,0,1000,31500000,0,asus
187,Core i5,15.6,8,4.0,0,512,36150000,0,asus
188,Ryzen 9,17.3,16,6.0,0,1000,64100000,0,asus
189,Core i7,15.6,32,4.0,0,1000,44960000,0,lenovo
190,Core i3,15.6,4,2.0,0,256,17300000,0,lenovo
191,Ryzen 7,15.6,16,4.0,0,512,36490000,0,asus
192,Core i3,15.6,8,0.0,0,512,17900000,1,asus
193,Core i3,14.0,4,0.0,0,512,17889000,1,asus
194,Core i9,15.6,32,16.0,0,1000,136195000,0,asus
195,Core i5,15.6,16,4.0,0,512,40479000,0,asus
196,Ryzen 9,16.0,64,16.0,0,4000,344979000,0,asus
197,Core i3,15.6,4,0.0,0,256,14479000,1,lenovo
198,Core i5,17.3,8,4.0,0,512,45633000,0,msi
199,Core i5,15.6,32,4.0,0,1000,40956000,0,asus
200,Core i5,12.4,16,0.0,0,256,34500000,1,microsoft
201,Ryzen 7,15.6,16,4.0,0,1000,32800000,0,acer
202,M2,13.3,8,0.0,0,512,100000,1,apple
203,Core i5,15.6,8,4.0,0,512,40770000,0,asus
204,Core i5,15.6,16,4.0,0,1000,41889000,0,acer
205,Core i7,15.6,16,8.0,0,512,67800000,0,asus
206,Ryzen 7,15.6,12,2.0,1000,256,23400000,0,lenovo
209,Core i7,15.0,8,6.0,0,512,46990000,0,hp
210,Core i5,16.1,16,4.0,0,512,40900000,0,hp
211,Core i9,15.6,16,6.0,0,1000,66950000,0,asus
212,M1,14.0,16,0.0,0,1000,94000000,1,apple
214,Core i7,15.6,16,6.0,0,512,62500000,0,acer
216,Core i7,15.6,8,2.0,0,512,32000000,0,asus
217,Core i5,15.6,16,4.0,1000,1000,36867000,0,lenovo
218,Core i7,14.0,256,2.0,256,256,10700000,0,other
219,Ryzen 5,15.6,16,4.0,0,512,40155000,0,lenovo
220,M2,13.6,8,0.0,0,512,69899000,1,apple
221,Ryzen 5,15.6,12,4.0,512,512,16990000,0,lenovo
222,Core i7,15.6,16,6.0,0,512,46490000,0,lenovo
224,Core i9,16.0,32,12.0,0,1000,171499000,0,lenovo
225,Core i7,14.5,12,4.0,0,512,47890000,0,asus
226,Core i5,15.6,8,2.0,1000,512,21800000,0,lenovo
227,Core i7,13.5,16,0.0,0,256,14500000,1,microsoft
228,Core i7,15.6,16,2.0,0,512,34700000,0,asus
229,Core i7,13.5,16,2.0,0,512,31200000,0,microsoft
230,Core i7,15.6,12,2.0,1000,256,28864000,0,asus
231,Core i9,15.6,16,6.0,0,512,75891000,0,asus
232,Ryzen 7,15.6,16,4.0,1000,512,38891000,0,lenovo
233,Core i5,15.6,8,4.0,0,512,25500000,0,hp
234,Core i7,15.6,32,4.0,0,1000,53390000,0,acer
235,M2,13.6,8,0.0,0,512,70499000,1,apple
236,Ryzen 7,15.6,16,6.0,0,1000,41890000,0,lenovo
238,Ryzen 7,15.6,8,4.0,0,512,43690000,0,asus
239,Core i5,16.0,8,0.0,0,512,26979000,1,asus
240,Core i7,15.0,16,0.0,0,512,29900000,1,microsoft
241,Core i5,15.6,8,2.0,1000,128,21898000,0,lenovo
242,Ryzen 7,16.0,32,6.0,0,1000,62688820,0,lenovo
243,Ryzen 7,17.3,16,6.0,0,1000,66500000,0,asus
244,Core i7,15.6,8,4.0,0,512,46200000,0,asus
245,Core i5,15.6,16,4.0,0,512,34300000,0,hp
246,Core i7,17.3,16,0.0,0,1000,46350000,1,asus
247,Celeron,15.6,4,0.0,0,256,8700000,1,lenovo
248,Core i3,14.0,8,0.0,0,512,25643000,1,msi
249,Core i7,15.6,32,4.0,0,512,27400000,0,hp
252,Ryzen 7,15.6,16,8.0,0,1000,75600000,0,asus
253,Core i5,13.5,8,0.0,0,256,48889000,1,microsoft
254,Core i3,15.6,4,0.0,0,256,17950000,1,asus
255,Core i5,16.0,16,0.0,0,512,27700000,1,asus
256,Core i7,15.6,16,4.0,0,512,53000000,0,asus
257,Core i3,15.6,8,0.0,0,512,14890000,1,lenovo
259,Core i7,13.5,16,0.0,0,256,76489000,1,microsoft
260,Ryzen 7,15.6,16,6.0,0,512,42469000,0,lenovo
261,Ryzen 5,15.6,16,4.0,1000,256,36990000,0,lenovo
262,Core i7,15.6,16,4.0,0,1000,52500000,0,msi
264,Core i7,15.6,16,6.0,0,1000,47790000,0,lenovo
265,M1,13.0,8,0.0,0,512,65400000,1,apple
266,Core i7,15.6,16,6.0,0,1000,74779000,0,asus
267,Core i5,14.0,8,0.0,256,256,14850000,1,lenovo
268,Ryzen 7,15.6,32,6.0,0,1000,56470000,0,lenovo
269,Core i7,13.5,16,0.0,0,512,69400000,1,microsoft
270,Ryzen 9,15.6,16,12.0,0,512,65090000,0,asus
271,Ryzen 7,15.6,8,4.0,0,512,47779000,0,asus
272,M2,13.6,16,0.0,0,1000,96700000,1,apple
273,Core i3,15.6,8,2.0,1000,128,15300000,0,lenovo
274,Core i7,15.6,16,0.0,0,512,30966000,1,asus
275,Core i9,15.6,32,8.0,0,1000,94998000,0,asus
276,Core i3,15.6,12,0.0,1000,256,14979000,1,lenovo
277,Core i7,16.1,16,6.0,0,512,59200000,0,hp
278,Core i5,15.6,8,4.0,0,512,33469000,0,lenovo
279,Core i7,16.0,16,4.0,0,1000,87690000,0,hp
280,Core i5,15.6,16,2.0,0,512,25870000,0,asus
281,Core i7,16.0,32,4.0,0,1000,50600000,0,hp
282,Core i5,15.6,16,4.0,0,512,40474000,0,asus
283,Ryzen 5,15.6,8,2.0,1000,256,18888820,0,lenovo
284,Core i7,15.6,8,2.0,0,512,26250000,0,lenovo
285,Core i3,15.6,12,2.0,0,512,15290000,0,lenovo
286,Core i5,15.6,16,4.0,0,1000,35100000,0,asus
288,Core i7,15.6,16,6.0,0,1000,63652000,0,msi
289,Ryzen 7,15.6,16,6.0,0,1000,51200000,0,lenovo
290,Core i5,15.6,8,2.0,1000,256,23000000,0,lenovo
291,Core i7,15.6,16,4.0,0,512,43970000,0,asus
293,Core i5,15.6,16,4.0,0,512,32000000,0,acer
294,Core i3,15.6,8,0.0,0,512,19618000,1,asus
295,M2,16.0,32,0.0,0,1000,168200000,1,apple
297,Core i5,15.6,8,4.0,0,512,36999000,0,msi
298,Core i5,15.6,16,4.0,0,512,43200000,0,lenovo
299,Ryzen 7,15.6,16,8.0,0,512,64390000,0,asus
300,Core i7,15.6,8,4.0,0,512,39500000,0,acer
302,Ryzen 7,16.0,32,8.0,0,1000,53500000,0,hp
303,Core i3,15.6,8,2.0,1000,256,16590000,0,acer
304,M2,13.6,8,0.0,0,256,59000000,1,apple
306,Core i7,15.6,16,4.0,0,1000,45171000,0,asus
307,Core i9,13.4,16,4.0,0,1000,90860023,0,asus
308,Core i5,15.6,16,2.0,0,512,31898000,0,asus
310,Core i7,15.0,16,6.0,0,1000,38900000,0,microsoft
311,Ryzen 7,15.6,16,6.0,0,512,53890000,0,dell
312,Core i7,13.5,16,4.0,0,256,52500000,0,microsoft
314,Core i5,15.6,16,4.0,1000,256,35588820,0,lenovo
315,Ryzen 7,14.0,16,4.0,0,512,56100000,0,asus
316,Core i7,16.1,16,4.0,0,512,44500000,0,hp
317,Core i7,14.0,16,2.0,0,1000,81940000,0,asus
318,Core i7,15.6,16,4.0,0,1000,38500000,0,acer
319,Core i7,15.0,32,6.0,0,1000,114400000,0,microsoft
320,Core i9,16.0,16,8.0,0,1000,55500000,0,asus
321,Core i7,15.6,16,4.0,0,512,48870000,0,asus
322,A6,13.3,4,512.0,0,256,9800000,0,other
323,Ryzen 7,15.6,16,6.0,0,1000,58666000,0,asus
325,Core i7,15.6,16,8.0,0,512,53350000,0,acer
326,Core i7,16.0,16,8.0,0,1000,88479000,0,asus
327,Ryzen 7,15.6,16,4.0,0,512,30000000,0,acer
330,Celeron,15.6,4,0.0,0,256,8910000,1,lenovo
331,Ryzen 7,15.6,16,6.0,0,1000,54800000,0,asus
332,Ryzen 7,15.6,16,6.0,0,512,58598000,0,asus
334,Core i5,15.6,8,4.0,0,512,39900000,0,acer
335,Core i7,13.9,16,2.0,0,1000,50000000,0,other
336,Core i7,15.6,16,6.0,512,512,45900000,0,asus
337,Core i5,13.5,8,0.0,0,256,21000000,1,microsoft
338,Core i5,14.0,8,4.0,0,4000,12900000,0,dell
339,Core i5,15.6,8,2.0,1000,256,22300000,0,acer
340,Core i7,13.0,16,0.0,0,1000,64300000,1,hp
342,Core i3,15.6,12,0.0,0,512,20000000,1,asus
343,Ryzen 5,16.1,16,4.0,0,512,32700000,0,hp
344,Ryzen 7,15.6,8,2.0,0,256,33499000,0,asus
345,Ryzen 5,15.6,8,0.0,0,1000,28599000,1,asus
346,Core i9,16.0,16,4.0,0,1000,59980000,0,apple
349,Core i7,14.0,16,4.0,0,1000,53799000,0,asus
350,Core i7,15.6,16,2.0,0,512,30600000,0,asus
351,Core i7,15.6,8,2.0,1000,256,32000000,0,lenovo
352,Core i3,15.6,8,0.0,0,256,16900000,1,asus
353,Ryzen 7,15.6,16,4.0,0,512,43450000,0,asus
354,Core i7,15.6,8,4.0,0,512,29400000,0,msi
355,Core i7,15.6,16,4.0,0,512,45200000,0,asus
357,Core i7,17.3,16,4.0,0,512,21500000,0,hp
360,Core i7,15.6,8,2.0,1000,1000,26190000,0,acer
361,Core i5,15.6,8,0.0,0,1000,32700000,1,asus
362,Core i7,15.6,12,2.0,0,512,29870000,0,asus
363,Core i7,13.5,32,4.0,0,1000,90000000,0,microsoft
364,Core i3,15.6,4,0.0,0,128,17299000,1,asus
365,Core i5,15.6,8,4.0,0,512,38797000,0,lenovo
368,Core i5,15.6,16,2.0,0,512,26700000,0,asus
369,M1,14.0,16,0.0,0,512,90450000,1,apple
370,Core i7,15.6,16,8.0,0,1000,90000000,0,other
371,Ryzen 5,15.6,8,2.0,0,256,27000000,0,hp
372,Core i5,14.0,8,0.0,0,256,35483000,1,lenovo
374,Core i3,15.6,12,2.0,1000,128,15199000,0,lenovo
375,Ryzen 7,15.6,16,0.0,512,512,27750000,1,asus
376,Core i7,15.0,16,6.0,0,512,39500000,0,msi
379,M2,13.6,8,0.0,0,512,69799000,1,apple
380,Core i7,15.6,16,4.0,512,512,28490000,0,dell
381,Ryzen 9,15.6,16,8.0,0,1000,88999000,0,asus
383,Core i7,15.6,32,6.0,0,1000,62226000,0,asus
384,Core i7,16.0,16,4.0,0,1000,48790000,0,hp
385,Ryzen 5,14.0,8,0.0,0,1000,29500000,1,asus
386,Core i7,14.4,32,4.0,0,2000,151300000,0,microsoft
387,Core i7,15.6,16,4.0,0,512,56879000,0,asus
388,Core i9,13.4,16,4.0,0,1000,152979000,0,asus
391,Core i5,17.3,16,6.0,0,512,49392000,0,asus
392,Core i7,16.0,32,6.0,0,2000,69688820,0,lenovo
393,Core i7,14.0,8,1.0,256,256,9200000,0,lenovo
394,Core i7,15.6,16,6.0,0,1000,55000000,0,asus
395,Ryzen 5,15.6,16,4.0,0,1000,47900000,0,lenovo
396,Core i7,15.6,12,2.0,1000,1000,26841000,0,lenovo
397,Core i5,15.6,8,2.0,1000,128,24500000,0,lenovo
399,Core i7,15.6,32,4.0,1000,512,28000000,0,hp
400,Core i7,15.6,16,6.0,0,1000,63500000,0,msi
401,Core i9,16.0,16,12.0,0,1000,166290000,0,asus
402,Ryzen 9,14.0,16,12.0,0,1000,268979000,0,asus
403,Core i7,15.6,32,8.0,0,2000,65012300,0,asus
404,Ryzen 7,16.0,8,2.0,0,512,28190000,0,asus
406,Ryzen 5,15.6,8,4.0,0,512,28000000,0,acer
407,Ryzen 5,15.6,8,0.0,0,512,22599000,1,asus
408,Core i7,15.6,12,2.0,1000,256,27149000,0,acer
409,Core i7,15.6,16,2.0,1000,256,34700000,0,lenovo
411,Core i7,15.6,16,8.0,0,512,58588820,0,lenovo
412,Core i3,15.6,8,2.0,0,512,16100000,0,lenovo
414,Athlon,11.0,4,0.0,0,128,9438000,1,lenovo
415,Core i5,15.6,8,4.0,0,512,32100000,0,msi
416,Core i7,15.6,8,2.0,0,512,27084000,0,asus
417,Core i7,15.6,8,4.0,0,512,45800000,0,msi
418,Core i7,15.6,16,0.0,0,512,28100000,1,asus
420,Celeron,14.0,4,0.0,0,128,10500000,1,asus
421,Core i7,14.0,16,2.0,0,1000,68797000,0,asus
422,Core i5,15.6,8,4.0,0,512,32300000,0,hp
423,Core i5,15.6,8,2.0,0,1000,22100000,0,lenovo
424,Core i9,16.0,64,8.0,0,2000,324979000,0,asus
425,Core i7,15.6,16,0.0,0,512,34600000,1,other
426,Core i7,16.0,16,8.0,0,1000,71450000,0,lenovo
427,Core i3,15.6,4,0.0,1000,0,14499000,1,acer
428,Core i5,17.3,8,4.0,0,512,45595000,0,asus
429,Core i7,15.6,32,8.0,0,2000,65479000,0,lenovo
430,Core i9,15.6,16,6.0,0,1000,64279000,0,acer
431,Core i9,17.3,32,16.0,0,1000,171150000,0,hp
432,Core i5,15.6,8,4.0,1000,1000,33990000,0,hp
434,Ryzen 7,15.6,16,4.0,0,512,38899000,0,lenovo
435,Core i5,15.6,8,0.0,0,512,29950000,1,msi
436,Core i7,15.6,16,4.0,0,1000,49300000,0,hp
437,Core i7,15.6,12,2.0,1000,256,27891000,0,lenovo
439,Core i5,15.6,16,4.0,0,512,34870000,0,asus
440,Core i7,15.6,16,6.0,0,1000,67390000,0,msi
441,Core i7,14.0,16,4.0,0,1000,73079000,0,asus
443,Core i7,15.6,16,6.0,0,1000,52799000,0,acer
444,Core i9,15.0,16,4.0,0,512,55300000,0,apple
445,Core i5,15.6,8,4.0,1000,256,33696000,0,lenovo
446,Core i7,14.0,16,0.0,0,512,77499000,1,dell
447,Core i7,15.6,8,2.0,0,512,32600000,0,acer
448,Core i5,17.3,8,2.0,0,1000,31180000,0,asus
449,Ryzen 7,17.3,16,4.0,0,1000,57479000,0,asus
450,Core i7,15.6,8,2.0,0,256,24455214,0,hp
451,Core i5,15.6,8,0.0,0,512,23049000,1,asus
452,Core i5,15.6,16,4.0,0,1000,29990000,0,hp
454,Core i5,15.6,16,0.0,0,512,27750000,1,asus
455,Core i5,15.6,16,8.0,0,1000,20400000,0,asus
456,M2,16.0,64,0.0,0,1000,216900000,1,apple
457,Core i5,15.6,8,4.0,0,1000,34779000,0,asus
458,Core i7,15.6,32,6.0,0,2000,59470000,0,lenovo
459,Core i7,17.3,16,4.0,1000,128,29800000,0,other
460,Core i5,15.6,16,4.0,0,512,35300000,0,asus
461,Core i5,15.6,16,4.0,0,1000,41979000,0,asus
462,Core i3,15.6,8,2.0,0,256,18588000,0,lenovo
464,Core i7,15.6,32,0.0,0,1000,52640000,1,hp
465,M1,16.0,64,0.0,0,4000,181390000,1,apple
466,Core i9,17.3,16,8.0,0,1000,109380000,0,asus
467,Ryzen 5,16.0,16,4.0,0,512,45696000,0,asus
468,Core i5,15.6,16,4.0,0,1000,45990000,0,asus
469,Core i5,15.6,16,2.0,0,512,18099000,0,lenovo
470,Core i7,13.3,16,0.0,0,512,45500000,1,hp
471,Core i7,13.0,16,2.0,0,512,36000000,0,other
472,Core i7,13.3,16,0.0,0,1000,74809000,1,asus
473,Ryzen 7,15.6,16,8.0,0,512,67999000,0,asus
474,Ryzen 7,15.6,8,2.0,0,512,33350000,0,asus
475,Core i7,16.0,32,6.0,0,1000,58190000,0,hp
476,Ryzen 9,16.0,32,16.0,0,2000,328979000,0,asus
477,Ryzen 9,14.0,32,16.0,0,1000,327979000,0,asus
478,Core i7,13.4,16,0.0,0,1000,69449000,1,msi
479,Ryzen 9,17.3,16,8.0,0,1000,67800000,0,asus
480,Core i3,15.6,4,0.0,0,256,16000000,1,asus
481,Core i3,15.6,12,0.0,0,512,16670000,1,lenovo
482,Core i5,15.6,16,2.0,0,1000,26870000,0,asus
483,Core i7,15.6,8,0.0,0,512,29900000,1,asus
484,Core i5,13.5,8,0.0,0,256,18800000,1,microsoft
485,Core i3,15.6,8,0.0,1000,256,14550000,1,lenovo
486,Core i5,14.0,8,0.0,0,256,10500000,1,hp
487,Core i7,17.3,16,4.0,0,1000,53270000,0,asus
488,Core i7,15.6,8,4.0,1000,256,25990000,0,lenovo
489,Core i7,15.6,16,4.0,0,1000,56979000,0,lenovo
490,Ryzen 5,15.6,8,2.0,1000,0,18389000,0,lenovo
491,Core i7,15.0,16,0.0,256,256,23000000,1,apple
492,Core i7,17.3,16,8.0,0,1000,87990000,0,hp
493,Core i5,15.6,8,4.0,0,256,32696000,0,lenovo
494,Ryzen 5,13.4,8,2.0,0,256,34000000,0,microsoft
495,Core i7,15.6,32,8.0,0,2000,74479000,0,asus
496,Core i7,14.0,16,4.0,0,512,43330000,0,asus
497,Ryzen 5,15.6,16,4.0,1000,512,37979000,0,lenovo
498,Core i9,16.0,32,8.0,0,2000,105800000,0,lenovo
500,Core i9,13.4,16,4.0,0,1000,90300000,0,asus
501,Core i5,15.6,8,4.0,0,512,33890000,0,asus
502,Core i9,17.3,16,6.0,0,1000,100000,0,asus
503,Core i7,14.0,32,0.0,0,1000,38300000,1,asus
504,Core i7,15.6,16,8.0,0,2000,60879000,0,asus
505,Core i7,15.6,16,4.0,0,512,24400000,0,hp
506,Ryzen 7,15.6,16,4.0,0,512,43000000,0,asus
507,Core i7,15.6,16,4.0,0,512,50869000,0,asus
508,Core i9,18.0,16,8.0,0,1000,128530000,0,asus
509,Ryzen 5,15.6,8,2.0,0,256,23440000,0,hp
510,Core i9,18.0,64,16.0,0,4000,320979000,0,asus
511,Ryzen 7,13.4,32,4.0,0,1000,72300000,0,asus
512,Celeron,15.6,4,0.0,1000,256,9900000,1,lenovo
513,Core i5,14.4,16,0.0,0,512,77000000,1,microsoft
514,Core i7,15.6,16,2.0,0,512,28990000,0,asus
515,Core i7,15.6,24,4.0,0,1000,49490000,0,asus
516,Ryzen 7,17.3,16,6.0,0,1000,60350000,0,asus
517,Core i9,15.6,32,16.0,0,2000,142113000,0,asus
518,Core i9,16.0,32,8.0,0,1000,96000000,0,asus
519,Core i7,15.6,16,6.0,0,512,56000000,0,msi
520,Celeron,15.6,4,0.0,0,256,10769000,1,lenovo
521,Core i3,15.6,12,2.0,0,256,14980000,0,lenovo
523,Core i7,15.6,32,2.0,0,1000,63300000,0,hp
524,Core i7,15.6,32,6.0,0,1000,60500000,0,hp
525,Core i7,16.0,16,6.0,0,512,72250000,0,asus
526,Core i7,15.6,32,8.0,0,1000,72479000,0,asus
527,Core i7,15.6,16,6.0,0,1000,67400000,0,msi
528,Core i5,15.6,8,4.0,0,512,40900000,0,asus
529,Core i5,15.6,8,4.0,0,1000,41270000,0,asus
530,Core i9,15.6,16,8.0,0,1000,76900000,0,msi
531,Core i7,16.0,16,6.0,0,1000,87990000,0,asus
532,Core i5,15.6,16,2.0,1000,256,23300000,0,lenovo
533,Core i7,15.0,16,0.0,0,512,79549000,1,microsoft
534,Celeron,15.6,4,0.0,1000,0,11200000,1,hp
536,Core i7,14.0,16,8.0,0,512,35879000,0,asus
537,Core i3,15.6,12,2.0,1000,256,23450000,0,acer
540,M2,14.0,32,0.0,0,1000,156100000,1,apple
541,Core i5,15.0,8,0.0,0,128,29000000,1,microsoft
542,Core i3,15.6,4,2.0,0,512,20999000,0,asus
544,Ryzen 7,15.6,16,4.0,0,1000,43800000,0,asus
545,Core i3,15.6,4,2.0,1000,128,17800000,0,acer
548,Celeron,15.6,4,2.0,0,512,8900000,0,lenovo
551,Ryzen 7,15.6,16,4.0,1000,256,42600000,0,lenovo
553,Core i9,15.6,32,8.0,0,1000,130000000,0,other
554,Core i3,15.6,8,0.0,0,512,18190000,1,asus
555,Core i7,15.6,12,2.0,0,512,30690000,0,asus
556,Core i7,15.6,16,6.0,0,1000,53969000,0,hp
558,Core i9,17.0,32,12.0,0,2000,196990000,0,msi
559,Core i7,15.6,16,4.0,0,512,37896000,0,acer
560,Ryzen 7,16.0,32,8.0,0,1000,63440000,0,lenovo
561,Core i3,15.6,4,0.0,0,512,16290000,1,asus
562,Core i3,15.6,8,2.0,0,512,20279000,0,asus
563,Core i5,15.6,8,4.0,0,256,39500000,0,acer
564,Core i5,15.6,8,2.0,0,256,27392000,0,acer
565,M2,13.0,16,0.0,0,512,93000000,1,apple
567,Core i7,15.6,16,8.0,0,1000,111000000,0,msi
569,Core i3,14.0,4,0.0,1000,0,16600000,1,asus
570,Core i9,15.6,32,8.0,0,1000,132700000,0,msi
571,Ryzen 7,15.6,16,4.0,0,1000,45879000,0,asus
572,Core i5,17.3,8,4.0,0,256,38962000,0,acer
573,Core i3,15.6,4,0.0,0,256,18100000,1,lenovo
574,Ryzen 9,15.6,32,8.0,0,1000,86500000,0,asus
575,Core i5,14.0,8,1.0,500,0,11600000,0,hp
576,Core i3,15.6,12,0.0,1000,256,17990000,1,asus
578,Ryzen 7,16.0,16,6.0,0,1000,62979000,0,lenovo
579,Core i9,17.3,64,12.0,0,4000,254795000,0,msi
580,Core i7,15.6,8,2.0,1000,1000,28089000,0,asus
581,Core i5,12.5,16,0.0,512,512,15900000,1,dell
583,Core i7,15.6,32,6.0,0,1000,62400000,0,asus
584,Core i9,18.0,64,12.0,0,1000,183660000,0,asus
587,Core i5,15.6,32,4.0,0,512,39700000,0,hp
588,Ryzen 5,15.6,16,4.0,0,1000,34500000,0,hp
590,Core i7,16.0,16,6.0,0,1000,58490000,0,hp
591,M2,16.0,16,0.0,0,1000,129100000,1,apple
592,Core i3,16.0,8,0.0,0,256,20979000,1,asus
593,Celeron,15.6,4,0.0,1000,128,15700000,1,asus
595,Core i7,15.6,32,8.0,0,512,62500000,0,asus
596,Core i5,13.0,8,0.0,256,256,14900000,1,dell
597,Core i3,15.6,4,0.0,0,512,18699000,1,asus
598,Core i7,15.6,16,8.0,0,1000,31979000,0,asus
599,Core i5,15.6,16,2.0,0,512,22912000,0,lenovo
600,Core i7,15.6,32,8.0,0,1000,59950000,0,lenovo
602,M2,14.0,32,0.0,0,1000,156900000,1,apple
603,Ryzen 5,15.6,8,2.0,1000,128,17200000,0,lenovo
604,Core i5,15.6,8,2.0,0,512,25400000,0,asus
605,M1,16.0,32,400.0,0,1000,139000000,0,apple
606,Core i7,15.0,16,2.0,0,512,31900000,0,microsoft
607,Core i7,15.6,16,2.0,1000,512,36990000,0,lenovo
608,Core i7,14.0,16,0.0,0,512,47196000,1,dell
610,Core i3,15.6,12,0.0,1000,512,16390000,1,lenovo
611,Core i5,15.0,8,0.0,0,256,41500000,1,microsoft
613,Core i3,15.6,8,0.0,0,256,16900000,1,hp
614,Core i7,15.6,16,4.0,0,512,19500000,0,dell
617,Core i7,15.6,12,2.0,1000,512,27290000,0,lenovo
619,Core i5,16.0,16,4.0,0,512,37000000,0,hp
620,M2,13.6,24,0.0,0,1000,105000000,1,apple
622,Core i7,15.6,16,4.0,0,1000,56699000,0,asus
623,Core i5,15.6,8,6.0,0,1000,43100000,0,hp
624,Core i7,14.0,16,0.0,0,1000,62144000,1,asus
625,Core i5,15.6,8,0.0,0,256,17290000,1,lenovo
626,Ryzen 7,17.3,8,8.0,0,512,69879000,0,asus
627,Core i7,15.6,32,8.0,0,1000,56900000,0,other
629,Core i7,14.0,8,2.0,1000,256,30000000,0,asus
630,Ryzen 9,15.6,16,4.0,0,1000,69000000,0,asus
631,Core i5,15.6,8,2.0,500,0,10900000,0,dell
635,Core i3,15.6,12,0.0,0,512,18399000,1,asus
636,Core i5,14.4,16,0.0,0,256,72283000,1,microsoft
637,Core i5,15.6,8,4.0,0,512,40800000,0,msi
640,Core i7,15.6,16,6.0,0,512,55300000,0,asus
641,Ryzen 7,15.6,8,2.0,0,1000,36100000,0,asus
642,Ryzen 5,15.6,16,4.0,0,512,40400000,0,acer
646,Core i5,14.0,16,8.0,0,512,34900000,0,other
648,Ryzen 9,15.6,16,8.0,0,1000,100000,0,asus
649,Core i7,15.6,16,2.0,1000,512,29790000,0,asus
650,Core i9,17.3,32,8.0,0,1000,113897000,0,asus
651,Core i7,15.6,16,2.0,1000,512,35100000,0,asus
652,Ryzen 9,15.6,32,6.0,0,1000,71391000,0,asus
653,Core i7,15.6,32,4.0,0,1000,52700000,0,asus
654,Ryzen 5,13.5,8,0.0,0,128,40000000,1,microsoft
655,Ryzen 5,15.6,16,0.0,0,512,30740000,1,msi
656,Core i5,15.6,20,2.0,1000,256,21690000,0,lenovo
658,Core i5,15.6,32,4.0,0,512,40200000,0,asus
659,Core i3,15.6,12,0.0,0,512,15900000,1,lenovo
660,Ryzen 5,14.0,8,2.0,0,512,47489000,0,asus
663,Core i7,15.6,32,6.0,0,2000,66470000,0,asus
664,Core i7,13.5,16,2.0,0,512,23000000,0,microsoft
665,Ryzen 7,15.6,8,2.0,0,1000,34850000,0,asus
666,Core i7,15.6,16,6.0,0,1000,58400000,0,lenovo
667,Core i7,15.6,16,4.0,0,1000,45270000,0,asus
668,Core i5,17.3,8,4.0,0,512,39689000,0,acer
669,Ryzen 5,15.6,12,2.0,1000,256,20079000,0,lenovo
671,Core i7,15.6,16,4.0,0,1000,49499000,0,asus
672,M1,13.0,8,0.0,0,512,49000000,1,apple
673,Core i3,14.0,4,0.0,0,128,19500000,1,asus
675,Core i7,15.6,16,2.0,1000,512,29279000,0,lenovo
677,Core i7,15.6,32,4.0,0,1000,52100000,0,hp
678,Core i3,15.6,8,0.0,0,256,14470000,1,lenovo
679,Core i7,17.0,2,4.0,0,512,36000000,0,hp
680,Core i9,16.0,32,12.0,0,2000,194979000,0,lenovo
681,M1,13.0,8,0.0,0,512,56112000,1,apple
683,Core i3,15.6,12,0.0,0,512,15288820,1,lenovo
684,Core i5,14.0,8,0.0,0,1000,41750000,1,hp
685,Core i3,15.6,4,2.0,0,256,19569000,0,lenovo
686,Core i7,15.6,16,4.0,0,512,29500000,0,dell
687,Core i7,15.6,16,2.0,6,256,37000000,0,asus
689,Core i7,16.0,32,4.0,0,1000,85000000,0,msi
690,Core i3,15.6,8,0.0,1000,1000,15250000,1,lenovo
691,Core i9,15.6,32,6.0,0,1000,79879000,0,asus
692,Core i9,16.0,32,16.0,0,1000,160000000,0,lenovo
694,Core i5,15.6,8,2.0,0,1000,25870000,0,asus
695,Ryzen 9,15.6,16,4.0,0,1000,57490000,0,asus
696,Core i5,15.6,8,6.0,0,512,38000000,0,hp
697,Core i7,14.0,8,0.0,0,256,15200000,1,dell
698,Core i5,15.6,8,4.0,1000,256,32298000,0,asus
700,Core i9,15.6,32,16.0,0,2000,159920000,0,msi
703,Core i9,16.1,64,16.0,0,1000,198710000,0,asus
704,Ryzen 7,15.6,16,4.0,0,512,49900000,0,asus
706,Core i9,17.3,64,16.0,0,2000,229900000,0,msi
708,Ryzen 9,15.6,16,8.0,0,1000,92800000,0,dell
709,Core i7,15.6,12,2.0,1000,128,26940000,0,lenovo
710,Core i7,15.6,32,4.0,0,1000,60190000,0,asus
711,Core i7,15.6,12,2.0,0,1000,30879000,0,asus
712,Core i7,14.0,16,2.0,512,512,46900000,0,lenovo
713,Core i3,15.6,8,0.0,1000,512,15850000,1,lenovo
714,Core i7,17.3,16,4.0,0,512,58000000,0,msi
715,Core i7,15.6,16,8.0,0,1000,56550000,0,acer
716,Core i7,14.4,16,4.0,0,512,100789000,0,microsoft
718,Core i9,16.0,32,8.0,0,1000,83000000,0,acer
720,Core i7,16.0,32,6.0,0,1000,66696000,0,acer
724,Core i7,15.0,8,0.0,0,256,67400000,1,microsoft
726,Core i3,15.6,4,2.0,1000,0,17695000,0,acer
727,Core i3,15.6,8,2.0,1000,128,15500000,0,lenovo
728,Core i3,15.6,4,2.0,0,512,24089000,0,acer
729,Core i7,15.0,32,6.0,0,512,99000000,0,microsoft
730,Ryzen 5,15.6,16,4.0,0,512,29400000,0,acer
731,Pentium,11.6,4,128.0,256,128,7290000,0,dell
733,Core i3,15.6,12,2.0,1000,128,15270000,0,lenovo
734,Core i5,14.0,8,4.0,0,512,39500000,0,asus
735,M2,16.0,16,0.0,0,512,114600000,1,apple
736,Core i3,15.6,4,0.0,1000,256,14599000,1,lenovo
737,Core i9,18.0,16,8.0,0,1000,141850000,0,asus
738,Core i7,15.6,16,0.0,0,512,35790000,1,asus
739,Ryzen 7,17.3,32,8.0,0,1000,87339000,0,asus
740,Core i7,15.6,16,8.0,0,512,64758000,0,msi
742,Core i3,15.6,12,2.0,0,256,16200000,0,lenovo
743,Ryzen 7,17.3,16,8.0,0,1000,70000000,0,asus
745,Core i5,15.6,8,4.0,0,512,40200000,0,asus
747,Core i7,17.3,16,4.0,0,1000,58990000,0,msi
748,Core i5,15.6,8,2.0,0,256,20870000,0,lenovo
750,Ryzen 7,15.6,16,6.0,0,512,55399000,0,acer
751,Core i5,15.6,8,4.0,0,256,34100000,0,acer
752,Core i7,15.6,16,8.0,0,2000,69479000,0,asus
753,Core i7,15.6,16,6.0,0,512,58700000,0,lenovo
755,Core i9,15.6,32,6.0,0,1000,75200000,0,acer
758,Ryzen 7,15.6,32,8.0,1000,1000,67999000,0,asus
759,Ryzen 5,15.6,16,4.0,0,512,36600000,0,lenovo
760,Core i7,16.0,16,6.0,0,1000,68950000,0,lenovo
761,Core i3,15.6,4,0.0,1000,0,14910000,1,lenovo
762,Core i3,15.6,12,0.0,0,512,20350000,1,asus
763,Core i7,15.6,20,2.0,0,512,31760000,0,asus
764,Ryzen 9,15.6,16,8.0,0,1000,69790000,0,asus
765,Ryzen 7,15.6,16,6.0,0,512,56450000,0,lenovo
766,Ryzen 5,15.6,8,4.0,1000,512,27650000,0,hp
767,Core i5,15.6,32,4.0,0,1000,45659000,0,asus
769,Athlon,15.6,8,0.0,1000,0,9600000,1,lenovo
771,Core i7,16.0,8,0.0,0,512,33299000,1,asus
772,Core i3,15.6,12,2.0,1000,256,15940000,0,lenovo
773,Core i9,15.6,64,16.0,0,1000,151894000,0,asus
774,Core i9,15.6,32,6.0,0,512,62700000,0,acer
776,Core i7,15.6,32,6.0,0,1000,91000000,0,other
777,Core i7,15.6,16,4.0,0,512,54100000,0,dell
778,Core i7,15.6,12,2.0,1000,1000,28390000,0,acer
779,Core i5,15.6,8,2.0,1000,256,29497000,0,asus
780,Core i3,15.6,4,0.0,0,512,14770000,1,lenovo
781,Core i9,16.0,16,8.0,0,1000,88479000,0,asus
782,Core i7,15.6,16,2.0,1000,512,29550000,0,asus
783,Ryzen 3,15.6,8,2.0,0,256,17540000,0,lenovo
785,Ryzen 7,15.6,24,4.0,0,512,43000000,0,acer
786,Core i7,15.6,8,2.0,0,256,14800000,0,dell
787,Core i3,15.6,12,0.0,0,512,18000000,1,asus
789,Core i3,14.0,4,0.0,1000,256,18090000,1,asus
791,Core i5,17.3,16,4.0,0,1000,48879000,0,asus
793,Core i5,17.3,16,4.0,0,512,42479000,0,asus
794,Core i5,13.3,8,4.0,0,512,38779000,0,asus
796,Core i7,14.0,16,2.0,0,1000,118635000,0,asus
797,Core i5,15.6,12,2.0,1000,1000,22499000,0,lenovo
798,Core i7,16.1,16,8.0,0,1000,66900000,0,hp
799,Core i5,15.6,12,2.0,1000,256,23290000,0,asus
800,Core i5,15.6,12,2.0,0,512,25400000,0,asus
801,Ryzen 7,16.0,16,8.0,0,1000,53890000,0,hp
802,Core i7,15.6,32,4.0,0,512,45700000,0,hp
803,Ryzen 5,15.6,8,4.0,0,512,33679000,0,asus
804,Ryzen 5,15.6,8,6.0,0,256,37500000,0,lenovo
805,Core i9,16.1,32,12.0,0,1000,156910000,0,lenovo
807,Core i5,14.0,8,0.0,256,256,12500000,1,lenovo
808,Core i3,15.6,12,2.0,1000,512,20599000,0,acer
809,Ryzen 7,16.0,16,0.0,0,1000,35179000,1,asus
810,Celeron,15.6,4,0.0,1000,0,8300000,1,lenovo
811,Core i3,15.6,12,4.0,0,512,21600000,0,asus
813,Core i7,17.3,32,4.0,0,1000,54500000,0,asus
814,Core i7,15.6,8,2.0,1000,256,27290000,0,lenovo
815,Core i7,17.3,16,8.0,0,1000,65000000,0,hp
816,M2,13.0,16,0.0,0,512,89000000,1,apple
817,Core i3,15.6,8,2.0,256,256,14490000,0,lenovo
818,Ryzen 5,14.0,8,0.0,0,512,41990000,1,asus
819,M2,13.0,16,100.0,0,256,83000000,0,apple
820,Core i3,15.6,20,2.0,1000,512,17150000,0,lenovo
822,Core i7,15.6,16,0.0,0,1000,53990000,1,hp
824,Ryzen 5,15.6,32,4.0,0,1000,43355000,0,lenovo
825,Core i7,15.6,16,2.0,1000,1000,42990000,0,lenovo
826,Core i5,15.6,16,2.0,1000,1000,40490000,0,lenovo
828,Core i5,15.6,16,2.0,1000,256,24000000,0,lenovo
830,Core i5,15.6,8,2.0,1000,128,22879000,0,lenovo
833,Core i7,15.6,8,2.0,1000,128,27090000,0,acer
835,Core i7,14.0,16,0.0,0,512,41699000,1,asus
836,Core i7,15.6,16,8.0,0,1000,66489000,0,asus
840,Core i3,15.6,8,0.0,1000,256,15540000,1,lenovo
841,Core i3,15.6,12,2.0,1000,256,22849000,0,lenovo
842,Ryzen 7,17.3,16,8.0,0,1000,83870000,0,asus
843,Celeron,15.6,4,0.0,1000,0,8300000,1,lenovo
846,Core i7,15.6,8,4.0,0,512,49479000,0,asus
847,Core i3,15.6,12,2.0,0,512,12900000,0,asus
848,Celeron,15.6,8,2.0,1000,256,14500000,0,lenovo
849,Core i7,15.6,16,4.0,0,512,52890000,0,msi
850,Core i5,15.6,8,6.0,0,512,42400000,0,hp
851,Ryzen 7,15.6,16,4.0,0,512,47797000,0,asus
852,Core i7,15.6,16,8.0,0,1000,62280000,0,asus
853,Core i3,15.6,12,2.0,0,512,24500000,0,asus
856,Core i5,15.6,8,2.0,1000,256,32690000,0,lenovo
858,Ryzen 5,15.6,16,6.0,0,1000,29500000,0,asus
859,Core i3,14.0,8,0.0,1000,0,16599000,1,asus
862,Core i5,15.6,8,2.0,0,256,32200000,0,lenovo
863,Core i7,16.0,32,8.0,0,1000,96012300,0,asus
865,Core i7,15.6,16,2.0,1000,1000,28290000,0,asus
866,Ryzen 3,15.6,4,0.0,1000,0,17700000,1,hp
867,Ryzen 7,15.6,12,6.0,1000,512,23970000,0,lenovo
869,Core i5,16.0,8,4.0,512,512,34000000,0,hp
870,Core i7,15.6,16,2.0,0,1000,31270000,0,asus
874,Core i7,15.6,32,8.0,1000,1000,61990000,0,acer
875,Xeon,15.6,32,4.0,0,512,34500000,0,hp
878,Core i7,15.6,16,6.0,0,512,53380000,0,acer
879,Core i5,14.0,8,2.0,1000,256,26500000,0,asus
880,Core i7,17.3,16,6.0,0,1000,59400000,0,hp
881,Core i7,15.6,12,2.0,1000,512,29400000,0,asus
884,Ryzen 3,15.6,4,0.0,0,512,16200000,1,lenovo
888,Ryzen 5,15.6,8,2.0,1000,128,18970000,0,lenovo
889,Core i7,15.6,16,2.0,1000,256,34900000,0,lenovo
893,Core i3,15.6,4,0.0,1000,0,16284000,1,asus
897,Core i5,15.6,8,0.0,0,1000,41900000,1,hp
898,Core i5,15.6,8,0.0,0,512,33880000,1,other
899,Core i7,15.6,32,6.0,0,1000,56493000,0,acer
901,Core i7,15.6,8,4.0,0,512,45790000,0,msi
902,Celeron,15.6,4,0.0,500,0,5847660,1,asus
903,Core i5,15.6,8,2.0,0,512,17779000,0,lenovo
905,Ryzen 7,15.6,32,6.0,0,1000,62400000,0,asus
906,Core i7,15.6,16,8.0,0,1000,78500000,0,msi
908,Core i5,14.0,8,1.0,0,256,9500000,0,hp
909,Core i7,15.6,8,2.0,0,256,13200000,0,dell
911,Core i7,15.6,16,6.0,0,512,52580000,0,dell
913,Core i5,15.6,8,2.0,0,512,30499000,0,asus
915,Core i5,15.0,8,2.0,1000,256,25450000,0,asus
916,Ryzen 7,16.0,16,6.0,0,512,54000000,0,hp
917,Core i7,15.6,16,2.0,1000,512,42500000,0,dell
919,Ryzen 5,15.6,8,2.0,1000,256,18000000,0,lenovo
921,M1,16.0,32,400.0,0,1000,140500000,0,apple
922,Celeron,15.6,8,0.0,0,256,11000000,1,lenovo
924,Celeron,15.0,4,0.0,0,256,8700000,1,lenovo
925,Core i7,14.0,16,4.0,0,512,57293000,0,acer
926,Core i7,15.6,16,8.0,0,1000,107000000,0,other
928,Core i5,15.6,8,4.0,0,512,37900000,0,asus
930,M1,16.0,16,0.0,0,1000,99000000,1,apple
931,Core i5,13.5,8,0.0,0,256,29000000,1,microsoft
932,Ryzen 7,15.6,32,6.0,0,1000,45979000,0,lenovo
933,Core i7,15.6,16,6.0,0,1000,29900000,0,hp
934,Core i5,15.6,16,6.0,0,512,46200000,0,hp
935,Core i3,15.6,4,0.0,1000,0,14199000,1,asus
939,Core i5,17.3,8,4.0,0,512,41479000,0,asus
940,Core i7,15.6,32,6.0,0,2000,66500000,0,lenovo
941,Core i9,15.6,16,6.0,512,512,59900000,0,acer
942,Core i5,15.6,8,2.0,0,512,21899000,0,lenovo
943,Core i5,15.6,16,2.0,1000,512,24779000,0,lenovo
945,Ryzen 3,15.6,8,2.0,1000,128,19500000,0,lenovo
947,Core i7,15.6,16,4.0,0,1000,52300000,0,msi
948,Core i7,15.6,16,8.0,0,1000,78700000,0,other
949,Core i7,16.0,32,8.0,0,2000,82979000,0,lenovo
951,Core i7,15.6,32,6.0,0,1000,63350000,0,lenovo
952,Ryzen 7,15.6,32,4.0,0,1000,55279000,0,asus
953,Core i7,15.6,8,1.0,500,0,12600000,0,hp
954,M1,13.0,8,0.0,0,256,62667000,1,apple
956,Athlon,15.6,8,2.0,0,256,13900000,0,lenovo
958,Core i7,15.6,8,2.0,0,512,29496000,0,lenovo
960,Core i3,15.6,12,2.0,1000,256,20100000,0,acer
961,Ryzen 7,15.6,32,4.0,0,1000,39188820,0,lenovo
962,Core i5,6.0,16,4.0,1000,0,34800000,0,msi
963,Ryzen 7,15.6,16,6.0,0,2000,56000000,0,lenovo
964,Core i5,14.0,8,0.0,0,256,12600000,1,dell
965,Pentium,15.6,4,0.0,1000,0,13490000,1,lenovo
966,Ryzen 7,17.3,16,8.0,0,1000,83490000,0,asus
967,Core i3,15.6,12,2.0,0,512,24600000,0,acer
968,Core i7,15.6,16,4.0,0,1000,55500000,0,msi
969,Core i5,13.5,8,0.0,0,512,60185000,1,microsoft
970,Core i5,15.6,32,4.0,1000,512,37500000,0,asus
972,Ryzen 5,15.6,8,2.0,0,512,28200000,0,asus
973,Core i7,15.6,16,8.0,512,512,50000000,0,hp
974,Core i5,15.6,16,4.0,0,1000,35770000,0,hp
975,Ryzen 3,15.6,4,0.0,0,256,15500000,1,hp
976,M2,14.0,16,0.0,0,512,99500000,1,apple
978,Ryzen 7,16.0,16,6.0,0,512,57399000,0,lenovo
979,Core i5,15.6,8,4.0,0,512,32179000,0,asus
980,Ryzen 9,16.0,32,16.0,0,4000,333979000,0,asus
981,Core i5,15.6,16,4.0,1000,256,35969000,0,lenovo
982,Core i7,15.6,16,4.0,0,512,67300000,0,lenovo
983,Ryzen 7,16.0,16,8.0,0,1000,69900000,0,lenovo
984,Core i7,17.3,16,4.0,0,1000,52200000,0,asus
987,Core i5,15.6,16,4.0,0,1000,42200000,0,asus
988,Core i3,15.6,8,0.0,1000,128,18500000,1,asus
989,Core i7,15.6,20,2.0,1000,256,30088820,0,lenovo
990,Core i7,15.6,16,4.0,0,512,39800000,0,acer
991,Core i7,15.6,24,4.0,0,512,47300000,0,asus
992,Core i7,16.0,32,6.0,0,512,60591000,0,hp
993,Core i5,15.6,8,2.0,1000,0,22450000,0,lenovo
995,Core i7,15.6,16,6.0,0,1000,58479000,0,asus
997,Core i7,15.6,8,2.0,1000,256,29100000,0,asus
998,Celeron,15.6,4,0.0,500,0,5847660,1,other
1001,Core i7,15.6,16,4.0,0,512,49890000,0,asus
1004,Ryzen 9,16.0,32,16.0,0,1000,323979000,0,asus
1005,Core i7,15.6,8,2.0,0,512,27000000,0,asus
1006,Core i3,15.6,8,2.0,1000,256,15700000,0,lenovo
1009,Core i5,15.6,12,2.0,1000,256,23800000,0,lenovo
1010,Core i5,17.3,16,4.0,0,512,40590000,0,acer
1012,Core i5,15.6,8,0.0,0,512,23700000,1,other
1014,Core i7,16.0,32,8.0,0,1000,95479000,0,asus
1015,Ryzen 5,15.6,16,6.0,0,512,37779000,0,lenovo
1018,Core i9,17.3,16,6.0,0,1000,80000000,0,asus
1019,Core i5,15.6,32,4.0,0,1000,38479000,0,asus
1020,Ryzen 7,15.0,8,0.0,0,256,51395000,1,microsoft
1021,Core i7,15.0,16,4.0,0,256,62500000,0,microsoft
1022,Core i7,15.6,32,6.0,0,1000,61782000,0,hp
1025,Core i3,15.6,8,0.0,1000,256,18700000,1,asus
1027,Core i5,15.6,12,0.0,0,512,24190000,1,lenovo
1029,Ryzen 3,15.6,12,2.0,1000,256,17900000,0,lenovo
1030,Core i7,15.6,16,2.0,0,1000,310000000,0,asus
1033,Core i3,15.6,12,2.0,1000,256,19800000,0,lenovo
1034,Core i5,15.6,16,2.0,0,1000,34690000,0,lenovo
1035,Core i5,15.6,8,4.0,0,512,36900000,0,asus
1036,Core i3,15.6,4,0.0,0,256,13950000,1,lenovo
1037,Ryzen 7,16.0,16,8.0,0,512,65500000,0,lenovo
1039,Athlon,11.6,4,0.0,0,512,9840000,1,lenovo
1040,Core i3,15.6,20,2.0,1000,256,17100000,0,lenovo
1041,Core i7,16.0,32,8.0,0,2000,105612300,0,asus
1042,Core i5,15.6,24,0.0,0,512,29240000,1,lenovo
1045,Core i7,15.0,32,8.0,0,1000,45000000,0,hp
1046,Core i7,13.3,16,0.0,256,512,133820000,1,other
1047,Core i5,14.0,8,128.0,500,0,11900000,0,dell
1049,Core i7,15.6,32,4.0,0,1000,51670000,0,asus
1050,Core i5,15.6,12,2.0,0,512,28697000,0,asus
1052,Core i5,15.6,8,2.0,0,512,22200000,0,lenovo
1053,Core i7,15.6,16,4.0,0,1000,43492000,0,acer
1054,Core i5,13.5,8,0.0,0,512,54000000,1,microsoft
1055,Core i7,15.6,16,6.0,1000,1000,57000000,0,acer
1056,Ryzen 5,15.6,8,4.0,0,512,34500000,0,asus
1057,Core i7,16.0,32,16.0,0,1000,99888000,0,lenovo
1058,Core i7,15.6,16,4.0,0,512,45500000,0,hp
1067,Core i5,15.6,8,2.0,1000,128,21700000,0,lenovo
1068,Core i7,15.6,32,4.0,0,512,43699000,0,lenovo
1071,M1,16.0,16,0.0,0,512,93800000,1,apple
1072,Core i7,15.6,32,16.0,1000,1000,208250000,0,lenovo
1073,Ryzen 7,17.3,16,4.0,0,512,49000000,0,asus
1074,Core i5,15.6,32,4.0,0,1000,46770000,0,asus
1075,Core i5,15.6,12,2.0,1000,512,31979000,0,asus
1076,Core i7,15.6,16,8.0,0,512,58400000,0,asus
1077,Ryzen 9,15.6,16,12.0,0,1000,77479000,0,asus
1078,Core i7,17.3,16,8.0,0,1000,85400000,0,msi
1079,Core i7,15.6,16,6.0,0,512,50000000,0,hp
1080,Ryzen 5,15.6,16,4.0,0,512,38200000,0,asus
1081,Core i5,16.0,8,4.0,0,1000,39470000,0,asus
1084,Core i3,14.0,8,4.0,0,512,18200000,0,asus
1085,Core i3,15.6,8,2.0,1000,256,17600000,0,lenovo
1086,Core i3,15.6,4,2.0,0,256,14490000,0,acer
1087,Core i5,15.6,16,4.0,1000,512,36088820,0,lenovo
1088,Core i7,15.6,24,6.0,0,1000,57800000,0,asus
1089,Ryzen 5,15.6,16,4.0,0,512,34000000,0,hp
1092,Core i7,17.3,32,6.0,0,1000,69300000,0,hp
1093,Core i7,15.0,16,8.0,0,1000,64500000,0,hp
1095,Core i5,14.0,4,0.0,500,0,7000000,1,lenovo
1096,Core i7,15.6,8,2.0,0,512,34250000,0,asus
1097,Core i7,15.0,16,6.0,0,256,41000000,0,microsoft
1098,Core i3,15.6,8,2.0,512,512,20979000,0,lenovo
1101,Core i5,13.5,16,0.0,0,512,66000000,1,microsoft
1102,Core i3,15.6,4,0.0,1000,0,16190000,1,asus
1103,Core i5,15.6,32,6.0,0,1000,45669000,0,hp
1104,Core i5,13.3,8,4.0,512,512,113979000,0,lenovo
1105,Core i7,14.0,16,2.0,0,512,37666900,0,asus
1106,Ryzen 7,15.6,16,4.0,1000,256,40467000,0,lenovo
1108,Core i9,16.0,32,8.0,0,1000,114749000,0,dell
1111,Core i7,15.6,8,2.0,0,512,28400000,0,asus
1112,Core i7,15.6,32,6.0,0,1000,49799000,0,lenovo
1113,Ryzen 5,15.6,8,2.0,1000,1000,19670000,0,lenovo
1114,Ryzen 7,15.6,8,2.0,1000,0,21479000,0,lenovo
1115,Core i7,16.0,16,4.0,0,1000,54912300,0,asus
1117,Core i5,15.6,32,4.0,0,1000,38700000,0,asus
1118,Core i3,15.6,8,0.0,1000,1000,15840000,1,acer
1120,Ryzen 7,15.6,16,8.0,0,1000,79500000,0,asus
1122,Core i7,15.6,16,4.0,0,512,47100000,0,lenovo
1123,Core i5,14.0,4,0.0,320,0,6500000,1,lenovo
1124,Core i3,14.0,4,2.0,0,256,26421525,0,asus
1127,Core i5,15.6,8,4.0,0,256,12700000,0,hp
1132,Core i5,15.6,8,2.0,1000,512,26033000,0,lenovo
1133,Core i5,15.6,32,4.0,0,512,36500000,0,hp
1135,Core i3,15.6,8,0.0,1000,256,15099000,1,acer
1137,Ryzen 5,15.6,16,6.0,0,512,55479000,0,lenovo
1138,Core i5,14.0,8,2.0,256,256,17900000,0,lenovo
1140,Ryzen 5,15.6,8,0.0,0,512,24300000,1,asus
1143,Core i7,16.0,16,4.0,0,1000,59610000,0,lenovo
1144,Core i7,16.0,16,8.0,0,512,82612300,0,asus
1145,Ryzen 5,15.6,8,0.0,512,512,22790000,1,asus
1146,Core i9,16.0,64,16.0,0,1000,263979000,0,asus
1147,Core i7,14.4,32,4.0,0,1000,146399000,0,microsoft
1150,Core i7,97.0,32,6.0,0,512,32000000,0,hp
1152,Core i5,15.6,8,4.0,0,512,37000000,0,asus
1153,Core i7,15.6,32,6.0,0,1000,50990000,0,other
1154,Core i7,15.6,24,2.0,0,1000,37000000,0,asus
1155,Core i5,15.6,8,2.0,0,512,32660000,0,dell
1156,Core i9,18.0,32,8.0,0,2000,128979000,0,asus
1157,Core i5,15.6,8,4.0,0,512,41970000,0,asus
1159,Core i7,17.3,32,8.0,0,2000,143960000,0,msi
1160,Core i7,14.4,32,4.0,0,1000,142600000,0,other
1164,M2,14.0,64,0.0,0,1000,187900000,1,apple
1165,Core i5,15.6,16,4.0,0,512,42492000,0,hp
1166,Core i3,15.6,4,2.0,1000,0,13000000,0,lenovo
1167,Core i5,14.0,16,8.0,0,256,13800000,0,dell
1172,Ryzen 5,15.6,16,4.0,0,1000,38500000,0,lenovo
1173,Core i7,15.6,8,2.0,0,256,11300000,0,lenovo
